{"episode_rewards": [858.8443686006631, 857.694736842087, 506.2981949458328, 771.6861209964272, 834.8180505415062, 921.799999999986, 842.5609427609246, 838.9891891891701, 881.0030075187797, 820.0657807308853, 479.4610169491372, 848.7795918367242, 398.3163204747641, 516.5247386759429, 850.8489510489345], "mean": 748.5127340741177, "std": 169.28304630814992}