{"episode_rewards": [209.0, 211.0, 252.0, 223.0, 236.0, 246.0, 216.0, 226.0, 242.0, 239.0, 252.0, 215.0, 218.0, 236.0, 207.0], "mean": 228.53333333333333, "std": 15.1651647608004}