{"episode_rewards": [803.6800687285051, 897.5795847750771, 901.8568627450802, 886.0591695501628, 866.6896678966667, 613.7810198300161, 902.5779922779747, 854.7611111110917, 811.0842105263006, 753.9925266903778, 889.2238434163561, 829.4774647887152, 874.8999999999826, 779.0946308724664, 862.3573378839392], "mean": 835.1410327395143, "std": 74.13673196479223}