{"episode_rewards": [903.309363295869, 580.4970149253608, 899.109363295868, 686.3406779660871, 813.2333333333211, 627.7287461773567, 755.0724137930877, 878.0818181818005, 845.5521739130317, 850.2546099290657, 679.0411042944684, 800.2558718861065, 725.5578947368273, 813.5212624584601, 811.560777385143], "mean": 777.9410950381236, "std": 95.69189336323585}