{"episode_rewards": [221.90281690140336, 876.99923664121, 815.7576051779783, 788.4350318471147, 811.0842105262991, 889.9662251655519, 832.1033898304937, 877.258490566025, 315.86486486485694, 889.4104895104725, 212.24221453286657, 751.5129032257965, 879.352054794501, 76.95135135135357, 499.8999999999835], "mean": 649.2493923290605, "std": 285.6786969550347}