{"episode_rewards": [885.0851851851675, 815.1542372881212, 242.57912772584373, 847.4655430711491, 866.6774086378651, 882.6586206896376, 864.4390070921847, 868.9721649484346, 716.8014084506888, 882.7767123287483, 878.8473684210344, 843.7943894389324, 900.865055762068, 909.2093632958703, 877.5357827475901], "mean": 818.8574250055557, "std": 160.27373803973097}